name,address,PostCode,region,MemberNumber,dob,yearscustomer
Nayda Goff,"Hasad Graves,970-6272 Enim. Avenue,YH2F 0PY,Brecknockshire,XF86L83WJ,1927-18-10,11",GM79 6RP,Leicestershire,CR51Q81MD,1929-08-27,18
Hasad Graves,970-6272 Enim. Avenue,YH2F 0PY,Brecknockshire,XF86L83WJ,1927-18-10,11
Noelle Curry,"Hasad Graves,970-6272 Enim. Avenue,YH2F 0PY,Brecknockshire,XF86L83WJ,1927-18-10,11",M8 6KG,Cardiganshire,GG32Y79SL,1963-38-14,23
Aspen Wall,"Hasad Graves,970-6272 Enim. Avenue,YH2F 0PY,Brecknockshire,XF86L83WJ,1927-18-10,11",UH18 3NS,Hampshire,RY43O22HU,2004-37-28,22
Jillian Molina,Ap #350-4025 Lectus Street,Y5A 6QY,Wiltshire,CE75W21XT,1971-46-18,18
Fiona Buckner,"Hasad Graves,970-6272 Enim. Avenue,YH2F 0PY,Brecknockshire,XF86L83WJ,1927-18-10,11",P29 0HG,Clackmannanshire,IV92I66BH,1939-38-04,4
Elvis Mcbride,800-2736 Consequat Road,PI98 5UP,Carmarthenshire,BR20L81RY,1927-52-15,22
Merrill Hyde,853-8262 Eu St.,MW3 8CK,Wigtownshire,JA58N05FK,1949-19-05,12
Magee Skinner,Ap #664-2781 Arcu. Rd.,N0 7CM,West Lothian,XG83A16WP,1952-19-01,23
Jermaine Carpenter,Ap #800-6556 Natoque Avenue,WB8Y 1HT,Caithness,JM08F87EO,1963-38-23,18
Ava Mack,"Hasad Graves,970-6272 Enim. Avenue,YH2F 0PY,Brecknockshire,XF86L83WJ,1927-18-10,11",T09 7BQ,Kinross-shire,GX58B96EX,1972-36-15,5
Alden Diaz,412-3530 Quam Ave,Y4H 6AF,West Lothian,WA81I02LF,1950-04-08,13
Wyoming Mendoza,787-8032 Tincidunt Av.,JG0Z 2YS,Norfolk,ML74K22YB,1948-38-15,11
Keaton Prince,591-1964 Convallis St.,YD48 9HX,East Lothian,GU03G15PP,1947-23-21,23
Phelan Mcclure,6032 Pede Ave,DM1 0LK,Yorkshire,BP28F81PX,1932-44-21,18
Phyllis Short,Ap #902-2907 Mauris Road,N5X 0BK,Dumfriesshire,KV74Q25YW,1929-56-23,5
Camille Barlow,9901 Mi St.,CP3V 0AF,Buckinghamshire,ZC64T75RJ,1946-59-13,11
Dante Hart,Ap #585-607 Lorem St.,X6 4KA,Stirlingshire,MA46R99JA,1933-14-30,18
Kibo Marks,428-3130 Dolor. St.,SB2C 1BU,Oxfordshire,UY93F37HW,1940-51-21,19
Miranda Porter,Ap #218-1819 Diam Road,G1I 1OE,Banffshire,FQ60Y33ZM,1930-41-27,22
Tanner Arnold,7975 Ut Av.,KM2G 9XM,Clackmannanshire,SQ88O50JB,1915-44-31,24
Margaret Holloway,553-2638 Neque. Rd.,KW53 4YZ,Clackmannanshire,OQ84I46LL,2006-54-25,7
Orli Mason,874-1194 Nec St.,QJ52 2QA,West Lothian,RD04K42TL,2006-51-30,1
Kenyon Vinson,Ap #268-6768 Ligula. Avenue,KB3 3ND,Clackmannanshire,NH05P26RF,1952-14-29,15
Otto James,194-1659 Massa. Rd.,ER12 6OP,Morayshire,MU71Y71YO,1965-50-29,10
Serina Joyce,"Hasad Graves,970-6272 Enim. Avenue,YH2F 0PY,Brecknockshire,XF86L83WJ,1927-18-10,11",G5 4LG,Buteshire,SF47C50EM,1971-42-21,7
Idona Guerra,804-1800 Non Av.,KC4 3HD,Hampshire,MY16E26QI,1975-06-11,4
Remedios Pennington,"Hasad Graves,970-6272 Enim. Avenue,YH2F 0PY,Brecknockshire,XF86L83WJ,1927-18-10,11",UP1 6NV,Caithness,MR57J26UH,1968-49-24,8
Luke Price,560-1693 Donec Rd.,EA24 2PI,Aberdeenshire,HD11B84NK,1978-37-13,7
Rahim Hoover,Ap #856-3522 Ac Rd.,M50 7TE,Kent,RO22W44HE,2020-33-19,11
Reece Calhoun,"Hasad Graves,970-6272 Enim. Avenue,YH2F 0PY,Brecknockshire,XF86L83WJ,1927-18-10,11",J08 6HN,Aberdeenshire,AC77X19LD,1936-26-23,3
Basia Farrell,Ap #985-4051 Risus Avenue,H48 2EU,Aberdeenshire,TI16U14RW,1919-36-14,1
Kyle Terry,279-6429 Massa. Street,F6 1NI,Buckinghamshire,DW41Z11KN,1951-20-30,2
Quynn Haney,9662 Quisque Ave,B7L 1WQ,Nottinghamshire,JE18S84CX,1928-02-17,12
Sierra Middleton,"Hasad Graves,970-6272 Enim. Avenue,YH2F 0PY,Brecknockshire,XF86L83WJ,1927-18-10,11",NC4 8SV,Perthshire,FX29B46QE,1982-22-10,18
Beau Neal,Ap #860-5758 Sit Street,L41 1TB,Hampshire,VL43N12YV,1933-13-01,19
Velma Wood,5088 Ante Av.,BF21 7CC,Northumberland,WB49T86HY,1974-12-18,17
Brooke Pate,"Hasad Graves,970-6272 Enim. Avenue,YH2F 0PY,Brecknockshire,XF86L83WJ,1927-18-10,11",VQ23 7VR,Hertfordshire,NX17L67XP,2007-49-01,2
Bethany Duffy,4250 Metus Avenue,Z18 4GG,Glamorgan,HI28P39JJ,1979-02-26,5
Coby Adkins,"Hasad Graves,970-6272 Enim. Avenue,YH2F 0PY,Brecknockshire,XF86L83WJ,1927-18-10,11",EJ8M 9KX,Essex,IH15T69ID,1946-26-20,7
Ginger Spears,"Hasad Graves,970-6272 Enim. Avenue,YH2F 0PY,Brecknockshire,XF86L83WJ,1927-18-10,11",M6D 9NB,Herefordshire,WM46E16HS,1972-12-16,12
Colleen Dillon,Ap #286-7069 Morbi Ave,D2 6NW,Essex,RD31G23SZ,1986-51-30,5
Raya Velez,690-999 Tempus St.,S5M 8FR,Stirlingshire,KV22G81SF,1966-32-10,12
Kelsey House,3116 Sem Street,NC68 3LQ,Durham,YH86O81LC,1946-06-22,3
Talon Vargas,854-5868 Vestibulum St.,VR8 3CH,Surrey,NT82A25RK,2012-19-24,6
Elton Banks,903-8985 Eu Ave,OF5V 4RY,Warwickshire,RI68I63UD,1929-59-02,20
Gemma Barr,Ap #705-1977 In Avenue,YT6Q 6BK,Lancashire,FM92R62RG,1951-34-05,14
Hyatt Richard,Ap #558-2197 Sollicitudin Rd.,OA4S 1QK,Lincolnshire,NK36T23KR,1949-46-12,10
Cameron Pennington,4190 Tristique Av.,T1E 8EK,Hampshire,LW64O49YB,1964-16-11,11
Ariel Sears,"Hasad Graves,970-6272 Enim. Avenue,YH2F 0PY,Brecknockshire,XF86L83WJ,1927-18-10,11",O3 9MY,Dorset,GQ67H49LI,1962-10-02,22
Sarah Salinas,Ap #429-6008 Sollicitudin Rd.,C02 8QO,Argyllshire,EV81W64BU,1972-40-13,7
Dennis Suarez,770-557 Urna. Street,JC30 1CI,Midlothian,WX23P22GS,1982-08-19,25
Kim Pollard,998-1524 Facilisis Rd.,F22 6PJ,Bedfordshire,WQ62W21JF,2003-48-08,11
Hyacinth Jacobson,Ap #932-7556 Mauris Street,D3 2TG,Fife,VU45B71XD,1974-40-06,10
Clayton Moreno,"Dennis Suarez,770-557 Urna. Street,JC30 1CI,Midlothian,WX23P22GS,1982-08-19,25",ZH3U 7BI,Angus,RK56Q76HG,1917-53-10,5
Ginger Cohen,Ap #765-1379 Cum Rd.,V0 1UL,Angus,OL23K86PN,1984-33-28,5
Christian Garrett,206-6832 At Av.,OG8M 8ST,West Lothian,OW17X62QR,1947-57-21,9
Barrett Dunn,4138 Porttitor Street,ER7O 7RY,Shropshire,HM51A86SL,1932-14-25,5
Nerea Simpson,679-9054 Metus. Road,R7 0HT,Kent,DB97C51NO,1965-44-18,12
Gillian Dickerson,223-9636 Sapien. St.,VD6H 4JN,Cheshire,OR83K36WD,1916-47-08,4
Clarke Bowen,135-8584 Arcu St.,GP3 4UP,Herefordshire,AF19J63TQ,1935-42-20,5
Seth Gilbert,2161 Ridiculus Ave,X76 8RG,Norfolk,ZA84Q70QQ,1978-16-02,17
Marvin Hoover,Ap #365-9547 Nec Rd.,K4 4WU,Derbyshire,CH85N89AA,1929-07-05,8
Gail Rosa,305-4356 Eros. Avenue,MG92 5UE,Bedfordshire,GX15B26OU,1915-33-12,12
Driscoll Sosa,810-1718 In Rd.,A5D 3CX,Derbyshire,IV10S37IB,1979-27-10,9
Conan Norton,"Dennis Suarez,770-557 Urna. Street,JC30 1CI,Midlothian,WX23P22GS,1982-08-19,25",VI35 3JC,Derbyshire,YV32J55VO,1998-32-12,7
Macy Sullivan,Ap #755-756 Tempus Road,J9 4WD,Bedfordshire,WS53X45ER,1953-41-20,6
Damon Erickson,215-696 Aenean Avenue,X1S 3IY,Kirkcudbrightshire,JE68U31IL,1960-20-18,7
Lewis Medina,330-6581 Arcu. Avenue,G4D 5PZ,Ayrshire,RU83B59YK,1957-39-04,25
Amela Jenkins,245-5066 Eu St.,K61 1DI,Durham,WH10X29HX,1938-55-25,21
Mason Brennan,Ap #315-382 Dui Road,I34 3NT,Devon,XM29S47TR,2016-29-02,20
Gannon Grant,487-5388 Sit St.,DD1 1BK,Selkirkshire,BH68W93PP,1914-40-16,2
Ira Sargent,"Dennis Suarez,770-557 Urna. Street,JC30 1CI,Midlothian,WX23P22GS,1982-08-19,25",UD5W 2BK,Buteshire,KB67X60DM,1989-22-02,7
Elvis Vang,610-4053 In St.,S4 5QR,Sutherland,KL66M52XW,1919-32-11,14
Briar Edwards,Ap #602-3082 Sapien. Av.,E66 3QH,Durham,SE77D08IW,1988-59-30,23
Oprah Hunt,"Dennis Suarez,770-557 Urna. Street,JC30 1CI,Midlothian,WX23P22GS,1982-08-19,25",S5H 3WJ,Shetland,IZ79E52RA,1940-22-23,8
Leonard Mckenzie,896-5078 Lorem Ave,O6 3QO,Berwickshire,CR77D59CB,1945-37-12,6
Rosalyn Villarreal,293-7227 Augue Rd.,M6 1OS,Suffolk,JY71H64CV,1961-04-05,6
Wade Rasmussen,Ap #541-4277 Nunc Rd.,SA1V 4WU,Fife,DW00Y60OW,1987-30-08,12
Lois Gates,7548 Morbi St.,M5 5DC,Wiltshire,SZ58S78VG,1968-35-04,15
Brady Rivers,"Dennis Suarez,770-557 Urna. Street,JC30 1CI,Midlothian,WX23P22GS,1982-08-19,25",BI6K 5YS,West Lothian,DU82B74ZJ,1932-51-06,10
Grace Hanson,332-2869 Dolor Ave,EN5 1MV,Rutland,GA78C28NI,1962-16-25,9
Veronica Chase,"Dennis Suarez,770-557 Urna. Street,JC30 1CI,Midlothian,WX23P22GS,1982-08-19,25",Z7L 0OI,Ayrshire,LR47Y85BR,1971-22-02,18
Mariam Sutton,Ap #471-2953 Amet Street,R2G 2CQ,Flintshire,EO38H50JQ,1947-59-28,6
Sierra Buck,Ap #179-1790 Vitae Rd.,D4T 9XD,Renfrewshire,WR87B97PT,1979-02-18,9
Jeremy Shields,364-9501 Feugiat. Road,ML60 8VB,Hertfordshire,PN91A94QB,1993-08-30,17
Lani Mcdowell,6437 Ac St.,XO84 3DV,Brecknockshire,UD45O42NU,1914-55-13,8
Lewis Stuart,272-6491 Ac Av.,B63 2SI,Dorset,MY20R81IC,1923-22-13,3
Pandora Buckner,"Dennis Suarez,770-557 Urna. Street,JC30 1CI,Midlothian,WX23P22GS,1982-08-19,25",FA5 2GJ,Berwickshire,DS16D58PM,2009-25-26,20
Cody Burch,4206 Justo. Ave,S6D 4AN,Lincolnshire,LP82C08UH,1971-16-04,18
Madeline Woodward,808-500 Faucibus St.,M97 4MK,Hertfordshire,IB55Y43NP,1936-11-04,22
Kerry Chase,"Dennis Suarez,770-557 Urna. Street,JC30 1CI,Midlothian,WX23P22GS,1982-08-19,25",HI8 8ZH,Nottinghamshire,CB42P35MQ,1987-22-13,17
Nathaniel Spence,"Dennis Suarez,770-557 Urna. Street,JC30 1CI,Midlothian,WX23P22GS,1982-08-19,25",D85 6SM,Lanarkshire,KA45M40NC,2021-46-14,17
Joel Carey,Ap #143-3543 Cras Road,SV4F 3HE,Carmarthenshire,DR68N90IV,2001-57-03,21
Uriel Owen,514-5775 Mi Ave,B1U 7NF,Hampshire,IR15G55GC,1975-50-03,2
Sybill Mccoy,457-5289 Sit St.,L8 6GE,Renfrewshire,CQ45M85BK,2004-31-19,21
Caryn David,644-3404 Est Ave,W86 4UO,Kincardineshire,JL08X01PW,1925-56-09,9
Kaseem Gardner,"Dennis Suarez,770-557 Urna. Street,JC30 1CI,Midlothian,WX23P22GS,1982-08-19,25",P1 5QJ,Cheshire,ID61Z09GX,1963-06-28,15
Sebastian Lloyd,Ap #816-7918 Eu Street,KY54 4IY,Pembrokeshire,US38M47OS,2000-47-29,2
George Jacobson,Ap #797-5087 Arcu Rd.,PS7P 5NL,Flintshire,LR55M25ID,1998-00-14,0
Eric Fulton,"Cassandra Holmes,Ap #914-7008 Sollicitudin Road,FD62 5GM,Bedfordshire,YW48O70EE,1944-56-22,19",JX8O 5MA,Ayrshire,CD37K53LD,2016-50-11,3
Cassandra Holmes,Ap #914-7008 Sollicitudin Road,FD62 5GM,Bedfordshire,YW48O70EE,1944-56-22,19
Malachi O'brien,"Cassandra Holmes,Ap #914-7008 Sollicitudin Road,FD62 5GM,Bedfordshire,YW48O70EE,1944-56-22,19",K6 4QQ,Dorset,ME75P45NN,1992-54-17,22
Gabriel Ball,"Cassandra Holmes,Ap #914-7008 Sollicitudin Road,FD62 5GM,Bedfordshire,YW48O70EE,1944-56-22,19",PD1U 3OL,Perthshire,GE21N33IE,1945-28-15,8
Minerva Colon,7849 Pharetra. St.,QO7 2CJ,Buteshire,AV18R29QV,1986-39-17,17
Vance Zimmerman,Ap #794-8718 Commodo Avenue,O2 5OD,Northumberland,CR56P69XR,1915-58-21,21
Kyle Whitehead,Ap #942-4752 Sit Road,R5S 7QW,Buckinghamshire,FW54O56AL,1998-12-28,4
Raven Mcleod,7478 Pede Street,Y10 0FT,Flintshire,CE23O14UC,1996-21-15,0
Sylvester White,523-9292 Phasellus Ave,A7 9ID,Shetland,GU04X43MN,1956-36-25,24
Stephanie Lang,540-8602 Eros Avenue,FH58 3HF,Roxburghshire,HL34W61SJ,1982-09-02,10
Bruno Knight,8484 Nec Rd.,KJ62 3UM,Northamptonshire,LH86H62OB,1997-23-30,21
Ashely Aguilar,"Cassandra Holmes,Ap #914-7008 Sollicitudin Road,FD62 5GM,Bedfordshire,YW48O70EE,1944-56-22,19",JL38 3BL,Radnorshire,IW21B43LV,1930-48-13,19
Ashton Jackson,"Cassandra Holmes,Ap #914-7008 Sollicitudin Road,FD62 5GM,Bedfordshire,YW48O70EE,1944-56-22,19",U0X 9UF,Berkshire,CD46N52VW,2020-10-08,8
Hammett Rios,"Cassandra Holmes,Ap #914-7008 Sollicitudin Road,FD62 5GM,Bedfordshire,YW48O70EE,1944-56-22,19",Q4F 8UC,Merionethshire,YH20R21BJ,1938-34-14,12
Martha Hudson,"Cassandra Holmes,Ap #914-7008 Sollicitudin Road,FD62 5GM,Bedfordshire,YW48O70EE,1944-56-22,19",K7T 6OW,Lanarkshire,GK13C63XN,1927-18-02,21
Barry Mathis,2881 Aliquet St.,MW68 8WD,Surrey,WC04G75CH,1937-25-27,17
Chantale Wolfe,Ap #239-6337 Sed Street,GL37 8RH,Clackmannanshire,MU69L24WE,1921-24-24,4
Ivan Pratt,"Cassandra Holmes,Ap #914-7008 Sollicitudin Road,FD62 5GM,Bedfordshire,YW48O70EE,1944-56-22,19",GE46 1TU,Anglesey,DT27X62KD,1962-18-22,18
Jada Byrd,Ap #911-3181 Aliquet Ave,NF8 4EQ,Cardiganshire,OY71O56GF,1923-04-23,10
Yen Rice,Ap #905-8066 Pharetra Ave,C3V 3VV,Leicestershire,VE30A42RU,1987-09-31,2
Fletcher Spears,8718 Fusce Ave,DC6 9ZR,Lanarkshire,BH72G86QB,1997-04-07,3
Flavia Mcknight,323-2762 Lorem St.,O6E 4HZ,Staffordshire,HK23M42SW,1918-21-23,1
Thomas Hewitt,"Cassandra Holmes,Ap #914-7008 Sollicitudin Road,FD62 5GM,Bedfordshire,YW48O70EE,1944-56-22,19",V6O 2OE,Ayrshire,PL43T56GU,2001-39-02,2
Emi Leon,"Cassandra Holmes,Ap #914-7008 Sollicitudin Road,FD62 5GM,Bedfordshire,YW48O70EE,1944-56-22,19",BG12 9VJ,Somerset,TS17O18GE,1957-02-27,20
Nissim Chase,7492 Et Av.,P56 6RM,Norfolk,BM92B79LR,1928-37-19,14
Quon Best,Ap #230-7539 Dapibus Road,JI4 7LI,Lanarkshire,TY27Y14SR,1926-47-13,19
Raphael Allen,Ap #682-2588 Turpis. Avenue,Q6 4YY,Monmouthshire,LF68W33HQ,2013-11-27,18
Rowan Fletcher,1471 Eleifend St.,H1G 7KT,Worcestershire,BW81J17OL,1965-59-28,17
Astra Cantu,1174 Lobortis St.,UE7B 5TB,Leicestershire,IT36W66VM,1976-20-02,23
Tyrone Garrison,"Cassandra Holmes,Ap #914-7008 Sollicitudin Road,FD62 5GM,Bedfordshire,YW48O70EE,1944-56-22,19",W1D 3HJ,Rutland,LC07V28HZ,1921-39-11,2
Colby Mcknight,2187 Dapibus Rd.,P8 4BC,Morayshire,OK15G59TQ,1926-54-13,23
Clinton Herring,782-1175 Tempus Road,ML23 8RW,Anglesey,GG93Q38QK,1921-07-21,12
Emerson Herman,745-2800 Rutrum. St.,HQ24 1EX,Kent,IN33P89YC,1929-49-30,4
Lilah Collins,1782 Commodo St.,VN48 9DE,Ayrshire,AG63S75MT,1923-19-03,12
Jasper Castaneda,"Cassandra Holmes,Ap #914-7008 Sollicitudin Road,FD62 5GM,Bedfordshire,YW48O70EE,1944-56-22,19",QY4O 5PG,Orkney,GO05F55TX,1977-00-30,19
Brian Thornton,"Cassandra Holmes,Ap #914-7008 Sollicitudin Road,FD62 5GM,Bedfordshire,YW48O70EE,1944-56-22,19",WJ4 1IZ,Kincardineshire,RB55V87WJ,1985-22-28,3
Uriel Mercado,311-7709 Nec Avenue,ST22 1SF,Shropshire,QD88X03VF,1982-36-27,24
Solomon Moran,7475 Mauris Rd.,OM2I 3BA,Selkirkshire,EZ07M47BX,1986-58-04,7
Charde Mathews,994-1282 Aliquam St.,YO0 2WH,Durham,LX08K47FR,1964-17-08,7
Cullen Hood,420-737 Dolor. Rd.,JN0E 9WX,Buteshire,LE31N25OA,1931-39-09,23
Debra Fitzpatrick,"Cassandra Holmes,Ap #914-7008 Sollicitudin Road,FD62 5GM,Bedfordshire,YW48O70EE,1944-56-22,19",LQ6 7RC,Inverness-shire,XF72R31EP,1955-12-24,21
Cyrus Cabrera,Ap #973-4760 Libero Ave,T65 0LV,Somerset,JR23N67KB,1952-31-29,4
Dawn Bradford,540-8653 Curae Road,M7 5HZ,Montgomeryshire,IK65F58CM,2021-05-21,22
Mariko Blanchard,154-6950 Feugiat Avenue,E4 5YK,Monmouthshire,CB85M94TW,1937-27-30,23
Lamar Decker,530-3075 Integer Av.,WC22 1LS,Cheshire,BO89X63QE,2007-54-07,9
Oscar Lucas,324-2760 Nonummy Avenue,RN18 6KG,Banffshire,TR69Y71IH,1952-15-29,12
Kelly Sanders,"Cassandra Holmes,Ap #914-7008 Sollicitudin Road,FD62 5GM,Bedfordshire,YW48O70EE,1944-56-22,19",TI54 2ST,Caithness,IE68Z58FF,2002-15-23,8
Buckminster Nieves,199-5048 At Ave,FN21 8CC,Hampshire,WB86X58LU,2015-06-21,17
Maya Turner,Ap #679-1256 At Ave,RH7G 8VD,Norfolk,SI90L71KP,1997-05-27,19
Erasmus Deleon,"Cassandra Holmes,Ap #914-7008 Sollicitudin Road,FD62 5GM,Bedfordshire,YW48O70EE,1944-56-22,19",DK1U 8YX,Lanarkshire,QK14I68JB,1943-56-27,15
Ruth Hensley,"Caesar Bray,P.O. Box 537, 2397 Hendrerit Ave,UI1P 9IV,Warwickshire,DR57P83DM,1983-31-31,7",NT61 4ZS,Renfrewshire,EY66H89EJ,1931-35-05,3
Caesar Bray,"Caesar Bray,P.O. Box 537, 2397 Hendrerit Ave,UI1P 9IV,Warwickshire,DR57P83DM,1983-31-31,7",UI1P 9IV,Warwickshire,DR57P83DM,1983-31-31,7
Kaitlin Bradford,485-1775 Nisi. Ave,P1 8VV,Cardiganshire,GS11U89CT,1936-28-24,10
Hayfa Park,440-5270 Cras Street,E3 9KR,Lincolnshire,KM43S26VG,1993-46-13,9
Lewis Battle,543-3988 Erat. Rd.,U4A 6HM,Lanarkshire,OG70X68FM,1916-28-20,6
Wang Owen,461-6897 Nibh Street,V6L 5WM,Lancashire,NP57J87JX,1939-17-25,15
Emerald Gibson,443-2234 Egestas. Av.,NU1 1HU,Midlothian,TI72K69QP,1959-30-12,8
Jorden Rose,"Caesar Bray,P.O. Box 537, 2397 Hendrerit Ave,UI1P 9IV,Warwickshire,DR57P83DM,1983-31-31,7",CP42 1IJ,Durham,IM23U88LG,2013-57-24,7
Jaime Lang,Ap #832-8964 Lorem Road,LS58 9MJ,Merionethshire,AI86K97FV,1986-51-28,16
Colby Campbell,Ap #361-314 Adipiscing Street,JL29 2NR,Worcestershire,OO26B60OZ,1958-44-17,8
Lewis Marshall,"Caesar Bray,P.O. Box 537, 2397 Hendrerit Ave,UI1P 9IV,Warwickshire,DR57P83DM,1983-31-31,7",YE5 4BY,Ayrshire,FR44T39UX,1955-24-27,10
Florence Ingram,6822 Et Rd.,CG5 7OU,Anglesey,HM76E46CN,1986-21-30,2
Lisandra Barnes,"Caesar Bray,P.O. Box 537, 2397 Hendrerit Ave,UI1P 9IV,Warwickshire,DR57P83DM,1983-31-31,7",HV9Q 1GM,Aberdeenshire,TQ76H47YZ,1924-08-23,20
Gray Knapp,4673 Magna. Rd.,HW8 3TT,Derbyshire,KN27T86DM,1978-01-12,9
Iliana Hurley,302-4105 Aliquet. St.,Y1G 3OH,Banffshire,VQ15A74EF,1962-55-08,17
Jemima Anthony,877-839 Amet St.,R7F 8CN,Huntingdonshire,YM24O28FX,1992-32-20,12
Ferris Wood,Ap #189-3125 Posuere Avenue,YG3D 7CL,Sutherland,HB11N28JL,2005-45-26,10
Geraldine Mathis,Ap #703-5160 In St.,U2 5NR,Nairnshire,BR25S31CT,2016-04-04,17
Camille Howe,"Caesar Bray,P.O. Box 537, 2397 Hendrerit Ave,UI1P 9IV,Warwickshire,DR57P83DM,1983-31-31,7",O43 5CS,Yorkshire,PB64I00HF,1954-50-08,18
Kim Mcgee,925 Ipsum Av.,V6Y 8DF,Aberdeenshire,CF44L31ET,1973-26-17,16
Conan Sheppard,"Caesar Bray,P.O. Box 537, 2397 Hendrerit Ave,UI1P 9IV,Warwickshire,DR57P83DM,1983-31-31,7",G1F 6WL,Berwickshire,WO95I41YS,1999-41-31,24
Travis Wiggins,260-6444 Ante Street,S11 1SM,Cumberland,FK12Y33UT,1971-55-06,24
Odysseus Wilcox,Ap #422-7328 Laoreet Rd.,T9M 2WF,Aberdeenshire,LT13X51QJ,1990-51-07,9
Reagan Jackson,597-9288 Vel Rd.,K52 1MG,Pembrokeshire,XV72U80OR,1975-08-29,13
Hiram Good,"Caesar Bray,P.O. Box 537, 2397 Hendrerit Ave,UI1P 9IV,Warwickshire,DR57P83DM,1983-31-31,7",A1P 3TV,Orkney,YJ74T70MV,1992-48-30,12
Cally Wooten,"Caesar Bray,P.O. Box 537, 2397 Hendrerit Ave,UI1P 9IV,Warwickshire,DR57P83DM,1983-31-31,7",O8 6MF,Dunbartonshire,QO18N51MX,1934-51-18,16
Constance Elliott,Ap #301-5057 Dictum St.,YU6W 2SS,Perthshire,CI48H12JQ,1917-05-07,21
Hammett Craft,669-9572 Libero Rd.,ZR5 0RK,Staffordshire,IM35Z38XW,1916-59-16,10
Ferris Matthews,"Caesar Bray,P.O. Box 537, 2397 Hendrerit Ave,UI1P 9IV,Warwickshire,DR57P83DM,1983-31-31,7",G58 3MJ,Banffshire,WH52W23ZG,1926-05-22,3
Gloria Wyatt,Ap #192-6495 Scelerisque Rd.,V66 3VW,Aberdeenshire,OQ57T65RC,1990-08-31,4
Maggy Bartlett,855-940 Mauris Ave,E2 0XK,Somerset,ZN14W04FN,1958-46-28,19
Ariel Golden,Ap #175-8774 Vivamus St.,EK4 4QL,Kirkcudbrightshire,FB11K45XM,2010-52-21,0
Dacey O'Neill,"Caesar Bray,P.O. Box 537, 2397 Hendrerit Ave,UI1P 9IV,Warwickshire,DR57P83DM,1983-31-31,7",W51 4PH,Roxburghshire,EO13G01VF,1999-02-17,3
Courtney Everett,Ap #601-5274 Aliquam Rd.,J4 3CS,Cardiganshire,EH14R46IU,1916-29-25,1
Michael Rose,186-5061 Praesent Ave,E3G 5EZ,Westmorland,PG62G43BJ,1990-59-03,6
Arsenio Crosby,Ap #934-5771 In St.,TR2D 3KF,Ayrshire,YR33F06UT,1954-49-24,17
Steven Bailey,939-1344 Euismod Rd.,O4 8AI,Cumberland,DH44O47SE,1961-00-16,1
Deirdre Holder,368-5406 Phasellus Street,CM27 7ZK,Kincardineshire,HR31B31UH,1961-49-11,6
Paloma Hopper,2545 Donec St.,XJ62 4BQ,Somerset,YS89H37HM,1939-42-14,14
Clinton Pruitt,786-4271 Metus. Street,G94 8GO,Leicestershire,PX19Y10WG,2020-23-23,23
Peter Burris,"Caesar Bray,P.O. Box 537, 2397 Hendrerit Ave,UI1P 9IV,Warwickshire,DR57P83DM,1983-31-31,7",PU41 3JD,Yorkshire,TP98K51NX,2021-26-17,12
Paki Potts,"Caesar Bray,P.O. Box 537, 2397 Hendrerit Ave,UI1P 9IV,Warwickshire,DR57P83DM,1983-31-31,7",E2V 7HR,Montgomeryshire,WJ12F40JP,1944-10-21,25
Aladdin Smith,"Caesar Bray,P.O. Box 537, 2397 Hendrerit Ave,UI1P 9IV,Warwickshire,DR57P83DM,1983-31-31,7",F8G 8NK,Fife,IE67X26TU,1953-49-25,14
Lavinia Robles,"Caesar Bray,P.O. Box 537, 2397 Hendrerit Ave,UI1P 9IV,Warwickshire,DR57P83DM,1983-31-31,7",EY1 0TO,Caithness,HM70G21VR,1919-00-08,23
Breanna Fischer,730-5979 Amet Rd.,Y7 8SD,Northumberland,IX21Q81NJ,1985-22-12,6
Sebastian William,"Caesar Bray,P.O. Box 537, 2397 Hendrerit Ave,UI1P 9IV,Warwickshire,DR57P83DM,1983-31-31,7",F5M 6QL,Renfrewshire,XW33E14FV,1922-07-10,14
Lamar Guerra,Ap #172-8138 Mi Rd.,SE51 1VH,Buckinghamshire,QF62X58EC,1974-08-01,13
Teagan Mercado,Ap #144-4851 Augue Av.,DX7A 8XO,Herefordshire,DJ62M74GP,1997-06-21,16
Brock Forbes,8178 Risus. Ave,BP6 4WI,Sussex,RU32X08MY,1994-22-23,16
Madeline Parrish,Ap #425-6236 Vitae Ave,CT02 3AO,Lanarkshire,QR11H13BO,1955-12-11,14
Alvin Crawford,400-4775 Quam Av.,Q8 8UM,Ross-shire,NO32I94JR,2003-53-28,13
Jasper Brock,543-1347 Phasellus Rd.,N6E 7TH,Gloucestershire,OV36O14DR,1981-02-08,13
Shaeleigh Bridges,"Jasper Brock,543-1347 Phasellus Rd.,N6E 7TH,Gloucestershire,OV36O14DR,1981-02-08,13",LI1Y 4SN,Dumfriesshire,BZ35X25ZI,1941-29-28,1
Kay Winters,"Jasper Brock,543-1347 Phasellus Rd.,N6E 7TH,Gloucestershire,OV36O14DR,1981-02-08,13",E5J 7SO,Wigtownshire,CS51B36DM,1984-24-27,6
Jordan Vang,Ap #478-6541 Donec Road,JP2G 7ZW,Berkshire,SX25J48YP,1933-30-14,9
Ciaran Stone,"Jasper Brock,543-1347 Phasellus Rd.,N6E 7TH,Gloucestershire,OV36O14DR,1981-02-08,13",M2 5SL,Anglesey,IH55W11EW,2018-22-29,4
Vaughan Bernard,"Jasper Brock,543-1347 Phasellus Rd.,N6E 7TH,Gloucestershire,OV36O14DR,1981-02-08,13",X5 2PW,Inverness-shire,XO60O64OX,2022-13-15,22
Ramona Briggs,470-6882 Vel St.,YD40 1PP,Sutherland,BM43M74WC,1985-05-07,14
Timon Tillman,123-182 Aliquet. Avenue,O16 4WK,Lanarkshire,US50S76NI,1991-50-10,22
Hop Guerrero,378-8285 Placerat Rd.,P9O 6EN,West Lothian,LI06O96HC,1915-43-27,19
Macaulay Boone,Ap #349-9516 Velit. St.,JB00 7TT,Bedfordshire,EG27F89XH,1984-33-30,22
Frances Ferguson,5439 Neque Ave,A2V 1VU,Oxfordshire,CL40K52TR,1925-40-15,16
Tanner Massey,"Jasper Brock,543-1347 Phasellus Rd.,N6E 7TH,Gloucestershire,OV36O14DR,1981-02-08,13",S8M 2IK,Anglesey,GM35H61MO,1972-19-03,23
Clinton Holman,8155 Auctor Road,L9G 2NH,Northamptonshire,VQ28L41TF,1950-40-29,10
Trevor Berg,915-6768 Nunc Rd.,M6C 7JN,Derbyshire,KM56G87HO,2021-52-08,1
Joy Mcdaniel,Ap #700-9439 Cras Road,JD1O 4GF,Cheshire,EX65G41CF,1964-12-08,0
Violet Riley,854-3681 Fusce St.,JF25 3FH,Lanarkshire,OY48K68XV,2004-56-12,17
Herman Butler,Ap #365-922 In St.,N5 5BL,Selkirkshire,TM43S43PW,1936-11-18,13
Amanda Weber,"Jasper Brock,543-1347 Phasellus Rd.,N6E 7TH,Gloucestershire,OV36O14DR,1981-02-08,13",VF65 5QY,Buteshire,BP42P12CJ,1992-53-02,6
Graham Wright,407-1399 Odio Ave,VD5 7ZJ,East Lothian,HJ15E30TX,1956-44-19,21
Amal Armstrong,Ap #864-7774 Sem Rd.,HS14 1IA,Kinross-shire,PG52C46BU,1974-34-18,8
Holmes Mcmillan,5423 Quam. Ave,O1 3LD,Denbighshire,DU15V21JB,1951-10-21,3
Fredericka Petersen,888-9074 Nisi Avenue,OK34 2SR,Derbyshire,GY30E43PI,2018-43-31,18
Camden Nunez,"Jasper Brock,543-1347 Phasellus Rd.,N6E 7TH,Gloucestershire,OV36O14DR,1981-02-08,13",IT49 7NA,Argyllshire,EN55N34LX,1985-52-29,3
Hamilton Bolton,Ap #428-2548 Ac Ave,KB6B 5VB,Rutland,TC66X15GL,1913-06-15,14
Raven Manning,8602 Mauris Avenue,AO44 3FU,Berwickshire,KH40B75JH,1965-23-12,1
James Erickson,340-5883 Sollicitudin St.,D2N 7IJ,Lincolnshire,LY90B31IK,1943-56-14,5
Kirsten Ramirez,Ap #771-1914 Ante St.,Y03 5RQ,Morayshire,MS26Q28UY,2007-21-14,3
Kylee Powers,Ap #222-1498 Nisl. Rd.,PM23 8SY,Westmorland,PM75Y48YX,1915-05-15,24
Illiana Townsend,"Jasper Brock,543-1347 Phasellus Rd.,N6E 7TH,Gloucestershire,OV36O14DR,1981-02-08,13",V3 6JO,Worcestershire,UO53I64JJ,1974-33-26,12
Diana Frost,334-4644 Integer Rd.,G3P 3QK,Dumfriesshire,DU68Y66DF,2010-38-18,20
Yen England,926-2523 Et Road,C31 7CX,Oxfordshire,PW31Z87CL,1972-23-13,15
Forrest Sweet,5359 Diam St.,CP76 5CC,West Lothian,OP36V55EA,2002-19-08,5
Dominique Crawford,"Jasper Brock,543-1347 Phasellus Rd.,N6E 7TH,Gloucestershire,OV36O14DR,1981-02-08,13",G8K 0QV,Kent,VD27K28XD,1936-08-16,24
Isaiah Jackson,"Jasper Brock,543-1347 Phasellus Rd.,N6E 7TH,Gloucestershire,OV36O14DR,1981-02-08,13",MY0H 7HQ,Hertfordshire,TG85K62NZ,2016-26-21,18
Grady Holman,"Jasper Brock,543-1347 Phasellus Rd.,N6E 7TH,Gloucestershire,OV36O14DR,1981-02-08,13",L5V 6RJ,Argyllshire,AK83D25JT,1942-21-05,16
Amena Joyce,"Jasper Brock,543-1347 Phasellus Rd.,N6E 7TH,Gloucestershire,OV36O14DR,1981-02-08,13",PI9H 8CT,Northamptonshire,RX68Q31TK,2015-19-09,17
Bertha Avery,413-3072 Dui Road,L7 3QN,Berwickshire,YJ75Y62JD,2007-37-14,10
Amy Sexton,367-9708 Leo. Rd.,LC76 8TK,Lincolnshire,WG43J83GS,2007-30-31,24
Rahim Moon,282 Cras St.,OG5Y 1KH,Dunbartonshire,XB33D66AO,1950-53-02,22
Zahir Whitehead,Ap #224-7882 Ac Rd.,KS7M 4YN,Nottinghamshire,PJ11U15XY,1915-59-14,8
Alan Benson,Ap #366-4748 Eros Av.,GH8 7HW,Shropshire,YF67X91CF,1944-59-31,22
Leah Salinas,Ap #873-666 Ut Street,W8 1UG,Oxfordshire,KR27E59CI,1938-32-24,20
Kelly Johns,Ap #782-1883 Arcu. Ave,Y4L 8DG,Cardiganshire,US79I76QM,2006-27-03,16
Bethany Mckay,933-5372 Cursus Avenue,F7H 6XG,Kinross-shire,UP33H62YD,1986-46-17,18
Cain Woodward,Ap #860-540 Ac Rd.,KW87 3FH,Ayrshire,WR14O33FN,1955-12-23,5
Wang Webb,774-593 Auctor. Ave,ZD51 5UK,Cambridgeshire,LD53C91RM,2012-08-31,4
Kieran Rosa,576-3786 Eu Avenue,T4 2RH,Buckinghamshire,LB75R33DY,2011-31-15,24
Ignatius Bonner,Ap #662-4306 Dui. St.,G57 3KO,Brecknockshire,WP13M34XP,1948-59-19,12
Burke Martinez,8762 Tortor. Avenue,T6Y 1KU,Merionethshire,EX08X36CX,1941-20-31,14
Kylynn Weeks,7711 Donec Road,X1G 6VJ,Selkirkshire,OE97V95JF,1981-35-29,0
Sonia Trevino,Ap #982-8067 Proin Ave,VR1 4DI,Perthshire,PS42X96HG,1949-03-28,9
Amal Preston,835-5792 Penatibus Rd.,P52 6GU,Northumberland,GK50M69UJ,1967-39-15,18
Oren Gutierrez,777-1596 Justo Avenue,VG5G 2LG,Fife,SF26M82QR,1969-52-14,4
Zeus Sosa,"Sonia Trevino,Ap #982-8067 Proin Ave,VR1 4DI,Perthshire,PS42X96HG,1949-03-28,9",G3 2QH,Lancashire,SC12B54FY,1939-09-13,21
Deirdre Frank,"Sonia Trevino,Ap #982-8067 Proin Ave,VR1 4DI,Perthshire,PS42X96HG,1949-03-28,9",U8F 3MW,Buckinghamshire,IC95Q32ML,1936-17-29,23
Kellie Reese,"Sonia Trevino,Ap #982-8067 Proin Ave,VR1 4DI,Perthshire,PS42X96HG,1949-03-28,9",WS7 0FD,Shropshire,NY72K78PL,1971-22-14,21
Anne Barrett,Ap #686-8185 Proin Street,AF8P 9EE,Rutland,BJ65L67CT,1921-03-29,18
Ferris Hill,"Sonia Trevino,Ap #982-8067 Proin Ave,VR1 4DI,Perthshire,PS42X96HG,1949-03-28,9",L7 8GF,Carmarthenshire,GY47H61QY,2020-43-28,13
Steven Garcia,3878 Curae Rd.,Y1E 2AT,Monmouthshire,HV69J19NW,2004-39-05,12
Porter Bush,"Sonia Trevino,Ap #982-8067 Proin Ave,VR1 4DI,Perthshire,PS42X96HG,1949-03-28,9",J2F 7EM,East Lothian,EE71J95RC,1934-23-05,15
Emi Gibbs,397 Risus. Av.,G71 4EV,Rutland,IH84K46QR,1952-55-04,2
Cadman Salazar,Ap #871-8953 Nisl. Road,F41 4LZ,Warwickshire,BF96M52BO,1964-27-21,23
Ursula Leblanc,212-8320 Suspendisse Street,P1 8TR,Midlothian,HE35V54JJ,1933-08-05,21
Rhonda Wells,3566 Nullam Street,F88 5CV,Aberdeenshire,EV17V55ZV,1974-47-18,3
Emery Carter,"Sonia Trevino,Ap #982-8067 Proin Ave,VR1 4DI,Perthshire,PS42X96HG,1949-03-28,9",VG6 7NP,Denbighshire,NP68F42MC,1960-08-04,22
Amal Munoz,Ap #542-2141 Ac Road,UQ7J 5XJ,Bedfordshire,FS55R78IG,1993-57-21,18
Bruno Barlow,237-5450 Odio. Ave,WF0 3LN,Inverness-shire,LU38X63MD,2020-21-09,12
Keaton Koch,"Sonia Trevino,Ap #982-8067 Proin Ave,VR1 4DI,Perthshire,PS42X96HG,1949-03-28,9",DY6 3PQ,Wigtownshire,BS93R31PR,1987-37-16,13
Thor Garcia,9278 Cubilia St.,L7 5KU,Worcestershire,CT65N63PN,1935-40-01,0
Scarlett Mcgee,422-4622 Sem. Rd.,Y2 5QQ,Buckinghamshire,QX60A74IX,2011-18-22,3
Lael Malone,673-3256 Nullam Av.,UK9 8EB,Bedfordshire,RF61S79DK,1915-40-23,7
Haviva Aguilar,"Sonia Trevino,Ap #982-8067 Proin Ave,VR1 4DI,Perthshire,PS42X96HG,1949-03-28,9",YY1B 8QF,Inverness-shire,MQ43W85TN,1959-49-18,8
Ethan Whitley,Ap #807-1055 Ipsum Rd.,N19 8XI,Kincardineshire,OI40J57YU,1969-29-08,12
Kennedy Lawrence,2268 Nibh. Ave,H7 7NY,Derbyshire,XW87P45VA,2014-31-09,4
Steven Galloway,Ap #825-521 Est Ave,A5P 2IW,Huntingdonshire,FM32G33DD,1950-41-14,8
Shafira Rich,"Sonia Trevino,Ap #982-8067 Proin Ave,VR1 4DI,Perthshire,PS42X96HG,1949-03-28,9",H02 0CM,Kinross-shire,EG82V76HF,1937-34-02,16
Hadassah Nixon,580-7394 Nec Rd.,U67 2EJ,Kirkcudbrightshire,TR26M56BK,1918-55-19,12
Gemma Flores,"Sonia Trevino,Ap #982-8067 Proin Ave,VR1 4DI,Perthshire,PS42X96HG,1949-03-28,9",MK2K 1YL,Worcestershire,WW43H12XD,1936-59-30,20
Cain Mueller,Ap #953-3787 Erat Rd.,OK48 4PO,Durham,DB72V74RT,1959-47-12,9
Urielle Shaw,553-2858 Enim St.,X1 5LX,Huntingdonshire,HU30Z41IP,2016-55-12,1
Camille Beard,Ap #554-2071 Ipsum St.,JZ5X 6QP,Hampshire,US01O13SQ,2013-43-23,18
Heather King,597-2153 Et Ave,FR2F 6VM,Staffordshire,NU52G13JC,1923-22-08,11
Stephen Adkins,"Sonia Trevino,Ap #982-8067 Proin Ave,VR1 4DI,Perthshire,PS42X96HG,1949-03-28,9",O1M 6VK,Hertfordshire,PZ63P94JQ,1974-09-17,25
Cheyenne Jennings,529-4120 Mauris Avenue,C1 1ZZ,Angus,BC32D82QW,1966-48-18,1
Sylvia Burke,"Sonia Trevino,Ap #982-8067 Proin Ave,VR1 4DI,Perthshire,PS42X96HG,1949-03-28,9",BO1 2LJ,Roxburghshire,VM16B89IS,1967-38-04,24
Phelan Maxwell,429-4182 Sem Avenue,DV61 8SM,Herefordshire,GJ12M84RC,1951-39-10,21
Ciara Guy,"Sonia Trevino,Ap #982-8067 Proin Ave,VR1 4DI,Perthshire,PS42X96HG,1949-03-28,9",N3Q 8MS,Herefordshire,NE64B55TZ,1957-17-18,15
Tasha Butler,Ap #664-1733 Ipsum. Road,D5J 7GO,Kent,WB82Q88MS,1965-48-18,17
Amy Gray,Ap #846-5563 Natoque Street,G8 2OS,Oxfordshire,WI26B65KQ,1973-12-07,22
Cameron Thompson,"Sonia Trevino,Ap #982-8067 Proin Ave,VR1 4DI,Perthshire,PS42X96HG,1949-03-28,9",OQ5 0YE,Inverness-shire,KO35Q52FF,1924-59-28,16
Caryn Mcintyre,Ap #440-7279 Molestie Road,E8I 7DY,Gloucestershire,DF24O78VO,1945-31-05,18
Kaseem Gutierrez,"Sonia Trevino,Ap #982-8067 Proin Ave,VR1 4DI,Perthshire,PS42X96HG,1949-03-28,9",M71 7VK,Clackmannanshire,AM56G66AC,1922-09-02,4
Vincent Drake,"Sonia Trevino,Ap #982-8067 Proin Ave,VR1 4DI,Perthshire,PS42X96HG,1949-03-28,9",YC2I 7ND,Glamorgan,JP38D30US,1974-31-04,13
Stella Austin,"Sonia Trevino,Ap #982-8067 Proin Ave,VR1 4DI,Perthshire,PS42X96HG,1949-03-28,9",LB6 1BV,Perthshire,DV48N34AS,1981-49-24,13
Dominic Solis,760-6585 Odio Av.,BL1 4GJ,Dorset,JQ74E55YS,1917-51-19,9
Brennan Moses,"Sonia Trevino,Ap #982-8067 Proin Ave,VR1 4DI,Perthshire,PS42X96HG,1949-03-28,9",NW17 4MS,Surrey,UF18J73VM,1978-15-22,5
Ivor Dillon,109-1732 Viverra. Ave,P43 3TJ,Kinross-shire,SP16Y61JL,1938-20-04,7
Fitzgerald Keith,542-9570 Fermentum St.,LT1 0GI,Derbyshire,TM21A66BC,1984-16-11,15
Faith Hutchinson,627-8437 Pulvinar Rd.,UZ8M 6WA,Ross-shire,PD52Y72RA,1916-38-18,12
Honorato Santos,Ap #175-6803 Ac Rd.,YM18 2IV,Cornwall,YG91T55CZ,1969-29-01,14
Shelley Turner,Ap #619-860 Ornare Ave,JZ7 6UA,Denbighshire,RT63P92BC,1933-47-19,5
Shoshana Alvarez,"Shelley Turner,Ap #619-860 Ornare Ave,JZ7 6UA,Denbighshire,RT63P92BC,1933-47-19,5",TD7 9FG,Essex,PN71H74MQ,1921-29-22,4
Heidi Ortiz,"Shelley Turner,Ap #619-860 Ornare Ave,JZ7 6UA,Denbighshire,RT63P92BC,1933-47-19,5",SW34 8GV,Gloucestershire,FM55D97HE,1917-50-12,6
Alisa Castro,722-9286 Ante Avenue,C81 9NL,Norfolk,BC66F90LP,1928-55-08,22
Tara Wilkins,"Shelley Turner,Ap #619-860 Ornare Ave,JZ7 6UA,Denbighshire,RT63P92BC,1933-47-19,5",K72 7AL,Cornwall,RC87R65HL,1924-44-13,10
Kay Chang,"Shelley Turner,Ap #619-860 Ornare Ave,JZ7 6UA,Denbighshire,RT63P92BC,1933-47-19,5",G7P 3ID,Orkney,EQ12L12US,1965-41-12,2
Cherokee James,Ap #327-7401 Nunc Ave,T1 5IU,Renfrewshire,LU81Q85BE,1997-18-23,25
Lareina Giles,Ap #367-6840 Risus. Rd.,HP56 4NY,West Lothian,MW33Z88LZ,1953-21-18,17
Jerry Douglas,Ap #623-9416 Et St.,QJ5 2OP,Buteshire,FX54K38PK,1995-57-05,21
Sade Frederick,"Shelley Turner,Ap #619-860 Ornare Ave,JZ7 6UA,Denbighshire,RT63P92BC,1933-47-19,5",MC1 1YW,Wiltshire,ES51R11SK,1959-02-29,4
Todd Jackson,3297 Proin Ave,T53 7SV,Anglesey,TC03N58ZF,1927-01-12,11
Xaviera Baxter,257-3715 Tellus Rd.,L3V 0RY,Clackmannanshire,BP56D04PB,1915-25-01,12
Garth Thomas,177-6423 Sollicitudin Ave,T10 8LJ,Flintshire,NN26B39JU,2022-23-02,12
Boris Whitaker,608-1456 Elit Road,H7C 3KR,Warwickshire,BL82X46JT,1930-23-15,23
Melvin Gordon,"Shelley Turner,Ap #619-860 Ornare Ave,JZ7 6UA,Denbighshire,RT63P92BC,1933-47-19,5",WE15 1DB,Essex,AD14N82XW,1935-59-04,4
Darius Perez,632-8876 Quam. St.,V3E 5UA,Stirlingshire,VZ16T32OK,2006-49-01,18
Octavia Casey,Ap #240-438 Fames St.,Q91 9KK,Monmouthshire,YT98N56YS,1936-02-19,23
Amal Tanner,425-2619 Lorem Rd.,VY2A 6OU,Monmouthshire,BF76M33KA,2002-01-29,16
Lavinia Mccoy,8590 Nec Road,C8M 6FG,Suffolk,XX63W11VU,1995-01-01,21
Maxwell Whitfield,"Shelley Turner,Ap #619-860 Ornare Ave,JZ7 6UA,Denbighshire,RT63P92BC,1933-47-19,5",M6 8HI,Kinross-shire,UT20R31KK,2010-21-11,5
Omar Dickerson,Ap #812-3707 Cursus Road,K3D 6JZ,Clackmannanshire,NW62I69QX,2020-07-03,7
Conan Mcleod,Ap #761-1942 Commodo Avenue,IG6L 1ZO,Wigtownshire,FX46U75JY,1954-21-27,13
Prescott Murray,"Shelley Turner,Ap #619-860 Ornare Ave,JZ7 6UA,Denbighshire,RT63P92BC,1933-47-19,5",N6 2WX,Pembrokeshire,PU54L92UN,1944-12-17,3
Oliver Fry,Ap #524-4336 Quis St.,H12 6UC,Gloucestershire,TJ78M18AN,1955-52-12,11
Keefe Bradley,Ap #134-9707 Ut Rd.,QM4 4RV,Huntingdonshire,PL45E20TI,2021-48-04,9
Nelle Schultz,Ap #707-4144 Malesuada Road,I4 2MW,Cumberland,LZ81Q38BR,2005-58-11,18
Olympia Ellison,9864 Nam St.,E7F 9VW,Wigtownshire,KF87V79IV,1947-52-13,24
India Leon,440-9194 Sed Avenue,C7 9QB,Nairnshire,MO27J84RU,1955-14-29,3
Vivian House,6732 Lobortis Rd.,RK7 9TJ,Durham,IE61H70TL,1964-47-18,13
Lars Cleveland,762-8265 Sed Street,LF59 7HD,Aberdeenshire,OF66X61NT,1994-21-11,14
Deirdre Parker,389-3050 Quisque Street,LE8S 6AT,Berkshire,BD95L26TQ,1952-31-13,6
Frances Ross,409 Nunc Av.,H3 0IL,Fife,JR27A12WD,2018-33-25,9
Patience Salinas,Ap #635-8126 Id Avenue,PY7J 4FC,Dunbartonshire,PN17T39HJ,1974-04-21,10
Jemima Mccarty,6876 Pellentesque St.,W6A 6HZ,Merionethshire,CL20L47GC,1971-14-01,18
Karen Moreno,921-5115 Adipiscing St.,NQ3G 8LH,Hampshire,OE71M27MC,1933-16-04,20
Victoria Sanders,Ap #345-3323 Vitae Rd.,AP34 2WE,Roxburghshire,BX17I71NP,2006-32-04,11
Jordan Hyde,"Shelley Turner,Ap #619-860 Ornare Ave,JZ7 6UA,Denbighshire,RT63P92BC,1933-47-19,5",C89 9VU,Cardiganshire,EV43R31VZ,1921-12-15,8
Caleb Haney,6793 Quam Av.,M72 9DD,Leicestershire,UG05E62PE,2014-00-18,14
Lynn Savage,Ap #344-4538 Nibh. Rd.,LO87 9UJ,Radnorshire,JB31Q63UC,1964-58-17,3
Devin Glenn,Ap #398-5411 Metus. St.,TG2 4IT,Dunbartonshire,FC42T00CV,1986-33-11,5
Laura Williams,343-718 Orci St.,ST6 7UV,Nairnshire,NS01V06BY,1999-42-22,6
Rigel Hogan,107-7785 Lorem Road,H70 4II,Yorkshire,WQ26X39WY,1955-24-21,12
Ross Collins,8902 Sit Av.,W62 5WO,Montgomeryshire,XJ07Y95UD,1966-23-27,23
Sasha Castillo,Ap #787-7540 Iaculis Rd.,LL28 3UJ,Wigtownshire,IC20P18YN,2004-37-28,12
Dane Whitfield,Ap #911-9770 Tincidunt Road,I47 5OT,Roxburghshire,YD85Z32XO,1921-25-17,8
Bevis Hopkins,132-6956 Nec St.,D6 7SG,Oxfordshire,JU78O93HB,1968-30-15,10
Sybill Santana,"Shelley Turner,Ap #619-860 Ornare Ave,JZ7 6UA,Denbighshire,RT63P92BC,1933-47-19,5",DJ12 2ZL,Leicestershire,PH77W66OH,1966-42-21,4
Buffy Whitley,"Shelley Turner,Ap #619-860 Ornare Ave,JZ7 6UA,Denbighshire,RT63P92BC,1933-47-19,5",MV62 8JF,Dunbartonshire,AO32C69WS,1976-57-10,21
Imogene Terrell,595-6019 Cubilia St.,GL09 7VT,Denbighshire,YR34K34VA,1989-14-29,2
Deacon Pierce,Ap #927-314 Vehicula Rd.,LV4 3RL,Buteshire,LF15X55EO,1926-59-27,6
Oren Medina,"Oren Medina,P.O. Box 778, 4780 Mauris Av.,P6O 8RF,Inverness-shire,OI79L64AM,1998-28-30,19",P6O 8RF,Inverness-shire,OI79L64AM,1998-28-30,19
Bryar Paul,Ap #399-3988 Leo Av.,NP37 7AT,Hampshire,KC28U42YN,1951-30-12,2
Dean Mason,Ap #964-9328 Blandit Ave,PA77 5KL,Derbyshire,YU48M47TS,2019-47-17,16
Jordan Sparks,"Oren Medina,P.O. Box 778, 4780 Mauris Av.,P6O 8RF,Inverness-shire,OI79L64AM,1998-28-30,19",G38 2AP,Midlothian,YK46R18GS,2018-42-20,3
Bruno Shepherd,204-3100 Iaculis Street,KX2 8LF,Hampshire,QP72Q21YY,1918-03-11,8
Maxine Spence,7886 Pede Av.,ED4 6GW,Durham,RK30B50HZ,1997-13-29,11
Kelsey Wolf,4662 Phasellus St.,XU6 4RO,Fife,OP77M68IL,1985-22-22,2
Diana Hanson,Ap #120-2204 Ipsum. St.,WT1N 6PM,Denbighshire,TG85K26PE,1943-51-06,6
Mufutau Zimmerman,696-8093 Ac St.,O3H 2WK,Gloucestershire,WC43V97IE,2010-52-21,0
Quon Poole,"Oren Medina,P.O. Box 778, 4780 Mauris Av.,P6O 8RF,Inverness-shire,OI79L64AM,1998-28-30,19",HT91 4GN,Bedfordshire,CY34O40KU,2011-12-16,8
Lillith Morin,840-9325 Velit. Rd.,OS8 7FX,Cardiganshire,SL11M47EE,1974-06-16,9
Andrew Armstrong,Ap #239-8693 Tristique Street,M82 5KB,Sutherland,YK68W11BQ,2012-25-01,13
Travis Pollard,109-3284 Erat. Ave,UX0B 7WR,Selkirkshire,FD42O44HV,1968-19-29,8
Indira Rush,646-7078 Ultricies Rd.,P2H 7IH,Kent,RW26D64EQ,1939-42-02,19
Camilla Murphy,"Oren Medina,P.O. Box 778, 4780 Mauris Av.,P6O 8RF,Inverness-shire,OI79L64AM,1998-28-30,19",I75 1UY,Montgomeryshire,RQ51I95IO,1932-02-22,13
Beau Shannon,"Oren Medina,P.O. Box 778, 4780 Mauris Av.,P6O 8RF,Inverness-shire,OI79L64AM,1998-28-30,19",QC7 3HN,Banffshire,PC21G63SV,1927-22-05,5
Robin Vinson,Ap #888-5997 Pede Street,X85 1WE,Worcestershire,RE52P61ZS,1930-10-29,23
Ezekiel Norris,"Oren Medina,P.O. Box 778, 4780 Mauris Av.,P6O 8RF,Inverness-shire,OI79L64AM,1998-28-30,19",CF7 7KF,Warwickshire,WT35A34ZG,1994-26-07,13
Kellie Rush,665-1633 Lacinia Street,T6 8ET,Durham,WQ83O17PN,1952-29-05,1
Noelle Barber,"Oren Medina,P.O. Box 778, 4780 Mauris Av.,P6O 8RF,Inverness-shire,OI79L64AM,1998-28-30,19",HF5G 5BO,Berkshire,SD47T75VH,1966-42-25,17
Rachel Acosta,Ap #573-5160 Ligula. Ave,L6 9WG,West Lothian,GN88K13PC,1944-24-28,19
Geraldine Bell,"Oren Medina,P.O. Box 778, 4780 Mauris Av.,P6O 8RF,Inverness-shire,OI79L64AM,1998-28-30,19",HM8 4VS,Roxburghshire,HK23R24EI,1949-08-04,16
Yardley O'Neill,Ap #544-4688 Sed Avenue,C7C 4TI,Cumberland,MJ84V33TK,1965-07-21,9
Michael English,737-3817 Curabitur Road,RV1 4TQ,Argyllshire,XY80G17HL,2008-14-22,16
Latifah Tyson,Ap #169-6472 Sit Road,XM18 5AP,Anglesey,KO36N28EO,1943-32-02,5
Cain Cabrera,912-5152 Dictum Ave,C5 5DX,Stirlingshire,EV86J68JG,2001-00-28,23
Mohammad Shields,"Oren Medina,P.O. Box 778, 4780 Mauris Av.,P6O 8RF,Inverness-shire,OI79L64AM,1998-28-30,19",L2 1OL,Perthshire,TS31B57NF,1957-45-05,10
Nyssa Gilmore,462-653 At Rd.,OI21 0NT,Bedfordshire,JV34P14JO,1993-16-30,20
Dorothy Delgado,6696 Urna. Av.,SI8Q 3HE,Cornwall,VO86Y16KZ,1967-37-07,10
Demetrius Joyner,Ap #172-9667 Erat. St.,L78 7DS,Wiltshire,GV78I32TX,1915-34-27,12
Fitzgerald Waters,Ap #695-6546 Tellus Avenue,BO34 0OE,Pembrokeshire,BJ21O71XO,1932-01-29,24
Malcolm Massey,3116 Consectetuer Road,S2U 2LH,Rutland,SO89U44OM,1980-13-29,24
Roth Austin,Ap #722-5461 Et Avenue,KJ5F 5RI,Lancashire,FV75W78WN,2019-50-29,13
Malcolm Knight,837-5176 Integer Av.,N3 4ID,Oxfordshire,WJ74I12QG,2022-40-11,8
Martin Cunningham,Ap #728-2348 Mauris St.,X9L 1BU,Warwickshire,MU04Z56SN,1962-40-11,16
Tamara Hull,Ap #106-7952 Penatibus Rd.,V8 1FV,Perthshire,SI04G86MI,1975-29-16,24
Portia Dennis,181-1750 Dolor Street,H9 2VK,Shetland,XB18M58HH,1968-15-30,2
Cooper Paul,Ap #523-3378 Auctor Av.,W4 0XK,Argyllshire,IX10U13WJ,1936-45-09,24
Maya Maynard,"Oren Medina,P.O. Box 778, 4780 Mauris Av.,P6O 8RF,Inverness-shire,OI79L64AM,1998-28-30,19",BK8E 2DU,Nairnshire,NQ75D35DY,1997-16-22,18
Minerva Maddox,"Oren Medina,P.O. Box 778, 4780 Mauris Av.,P6O 8RF,Inverness-shire,OI79L64AM,1998-28-30,19",X38 6TO,Roxburghshire,ZY72M04PZ,1963-18-11,24
Acton Rios,"Oren Medina,P.O. Box 778, 4780 Mauris Av.,P6O 8RF,Inverness-shire,OI79L64AM,1998-28-30,19",X4F 7DP,Perthshire,XX42M18SD,2014-46-07,20
Heidi Gonzales,452-9685 Neque Ave,Y47 5FK,Sussex,BR86S82HM,2015-55-18,23
Leo Owen,572-877 Magna. Rd.,K9 1ZU,Denbighshire,KU42F24WM,1963-33-16,15
Stuart Gamble,Ap #390-4929 Elit Av.,PR6 8QR,Warwickshire,HF29G86RE,1972-39-09,6
August Gaines,893-2690 Pharetra Rd.,FG27 1HG,Banffshire,UJ18J09CW,1926-31-16,24
Macaulay Dudley,"Oren Medina,P.O. Box 778, 4780 Mauris Av.,P6O 8RF,Inverness-shire,OI79L64AM,1998-28-30,19",NR18 4UB,Glamorgan,SY10U80PX,1924-19-22,22
Paul Pearson,200-4078 Vivamus Rd.,WB2 8JG,Orkney,IC72V80KP,1980-46-13,16
Drake Hodges,8642 Ipsum Rd.,BP64 8UH,Aberdeenshire,KD29E32IL,1981-19-08,23
Lars Witt,874-5685 At St.,SX44 2DP,Radnorshire,BJ06N92XR,1922-07-01,6
Zachary Browning,"Vincent Avila,P.O. Box 482, 7194 Pede, Avenue,NJ76 5OP,Montgomeryshire,EA18K44TC,2010-08-06,0",X3 8WH,Surrey,AV35V81KT,2001-08-10,25
Vincent Avila,"Vincent Avila,P.O. Box 482, 7194 Pede, Avenue,NJ76 5OP,Montgomeryshire,EA18K44TC,2010-08-06,0",NJ76 5OP,Montgomeryshire,EA18K44TC,2010-08-06,0
Mohammad Pickett,9147 Aenean St.,TP5K 5FL,Somerset,TO80C05JW,1932-17-11,3
Chaim Macdonald,Ap #825-9478 Urna. St.,LD3 9KN,Kinross-shire,JV26S30CE,2002-45-01,4
Shoshana Vance,Ap #447-9661 Sit St.,L8S 4AP,Oxfordshire,CF16O47IX,2017-34-18,12
Gisela Pierce,"Vincent Avila,P.O. Box 482, 7194 Pede, Avenue,NJ76 5OP,Montgomeryshire,EA18K44TC,2010-08-06,0",V24 6YO,Lanarkshire,FM53Y88BT,2018-14-10,13
Naomi Lyons,Ap #190-7528 A Ave,W15 7NR,Gloucestershire,KG46W82CP,1932-04-03,3
Lionel Mckenzie,Ap #553-1493 Iaculis Rd.,Q4T 1MQ,Shropshire,MX29G57PG,1972-44-24,11
Noel Durham,974-2874 Lorem Ave,R77 6BA,Monmouthshire,TS17E54VS,1960-15-22,16
Orli Barron,"Vincent Avila,P.O. Box 482, 7194 Pede, Avenue,NJ76 5OP,Montgomeryshire,EA18K44TC,2010-08-06,0",P63 7IN,East Lothian,DM28J76UO,1981-33-16,11
Desirae Frye,667-6732 Purus Rd.,KX0I 1LJ,Banffshire,MP33S32SP,1914-45-19,16
Aristotle Barr,867-849 Id Ave,IF87 5FU,Clackmannanshire,ET14N36XU,1970-39-03,6
September Barnett,Ap #302-8227 Suspendisse Road,G5 2AN,Warwickshire,QT91I76YL,1930-32-22,16
Vielka Daniel,428-2446 Euismod Ave,MH42 9WV,Radnorshire,JM27F39MC,1948-15-25,14
Paula Moody,107-7778 Fringilla Av.,JR12 8ZQ,Cheshire,QG43J34TI,1997-46-26,4
Dennis Delgado,327-4125 Et Road,B0M 4JF,Nottinghamshire,TQ53Q33CI,1995-53-30,24
Rigel Booker,"Vincent Avila,P.O. Box 482, 7194 Pede, Avenue,NJ76 5OP,Montgomeryshire,EA18K44TC,2010-08-06,0",E7 7OM,Buckinghamshire,KJ97K25AN,1949-11-12,13
Nell Norton,1214 Eleifend Street,E2 3LW,Herefordshire,VV75U82YE,1998-29-03,10
Stuart Combs,427 Sed Rd.,CJ3 6RM,Yorkshire,MV22R13NH,1956-19-24,21
Deborah Parker,4526 Inceptos Street,K6 5GX,Bedfordshire,EJ42W07WD,1955-48-30,15
Luke Singleton,"Vincent Avila,P.O. Box 482, 7194 Pede, Avenue,NJ76 5OP,Montgomeryshire,EA18K44TC,2010-08-06,0",SL6H 5AE,Buteshire,UQ08P26ZK,2015-38-06,7
Clarke Rhodes,912-1493 Tempor Ave,E9 1FF,Shropshire,BP51V64XH,1938-19-27,5
Sacha Christensen,433-3745 Primis Ave,FN4O 4BM,Morayshire,XS84Q28XG,1940-57-18,4
Kibo Mcdowell,632-4635 In Rd.,N62 8RI,Perthshire,WQ45X56XL,1934-59-15,2
Marsden Hayden,9559 In Rd.,QS43 1WX,Bedfordshire,CT45A54TH,1916-20-11,7
Carolyn Trujillo,"Vincent Avila,P.O. Box 482, 7194 Pede, Avenue,NJ76 5OP,Montgomeryshire,EA18K44TC,2010-08-06,0",B3 1CJ,Banffshire,OK41Q32MS,1919-49-06,11
Montana Brewer,"Vincent Avila,P.O. Box 482, 7194 Pede, Avenue,NJ76 5OP,Montgomeryshire,EA18K44TC,2010-08-06,0",I2J 5GZ,Cumberland,WV74S22RT,1947-01-11,21
Wanda Chavez,Ap #270-6323 Egestas Rd.,IE4G 5JH,Montgomeryshire,HV57K79LV,1980-51-16,6
Lacey Daniels,"Vincent Avila,P.O. Box 482, 7194 Pede, Avenue,NJ76 5OP,Montgomeryshire,EA18K44TC,2010-08-06,0",Y7J 5SF,Carmarthenshire,NB05L26VC,1947-24-21,4
Lee Mcclain,954-2998 Neque Road,N38 3SD,Northumberland,EB46W00DS,1947-01-05,24
Willow Wolfe,3695 Curabitur Av.,U8N 4IE,Dumfriesshire,KA06C33HP,1955-34-30,0
Eve Nichols,910-3840 Quam Av.,UG79 2RY,Renfrewshire,KE28V97QN,1984-50-28,16
Kato Finley,823-9178 Magnis Rd.,GF81 5NI,Stirlingshire,EA22I16YE,1968-26-19,8
Rigel Dalton,183-231 Feugiat Street,WY37 4AC,Cumberland,WN78R43OJ,1987-17-12,17
Holmes Mcdonald,509-6628 Vehicula. Ave,KV8 6MC,Selkirkshire,BX05U30BF,1949-39-05,17
Basil Ballard,"Vincent Avila,P.O. Box 482, 7194 Pede, Avenue,NJ76 5OP,Montgomeryshire,EA18K44TC,2010-08-06,0",LY5 4RV,Radnorshire,FT43R41TE,1980-20-15,5
Akeem Guthrie,8155 Malesuada Av.,C97 1SW,Aberdeenshire,TG27U50GG,1987-38-29,1
Mohammad Chaney,632-8154 Enim Av.,Z7N 6DW,Leicestershire,NN42B67XJ,1944-44-19,1
Orla Powell,Ap #763-3390 Augue Ave,HL2 3TU,Nairnshire,KL11F18SG,1954-12-30,0
Lillith Kelly,389-6426 Elit. Road,EC2 3RU,Selkirkshire,AD82O51GM,2020-09-18,21
Zachery Sargent,"Vincent Avila,P.O. Box 482, 7194 Pede, Avenue,NJ76 5OP,Montgomeryshire,EA18K44TC,2010-08-06,0",S3 2NY,Merionethshire,EE12U56SU,1992-31-04,11
Asher Sandoval,Ap #445-5548 Neque Av.,F1 3IB,Renfrewshire,BQ61H26DK,1929-42-07,19
Portia Farmer,"Vincent Avila,P.O. Box 482, 7194 Pede, Avenue,NJ76 5OP,Montgomeryshire,EA18K44TC,2010-08-06,0",Z4W 4PB,Buteshire,IG12Z01ZY,1998-27-08,24
Plato Snow,"Vincent Avila,P.O. Box 482, 7194 Pede, Avenue,NJ76 5OP,Montgomeryshire,EA18K44TC,2010-08-06,0",TO11 7YT,Cornwall,GU52R44IX,1921-10-25,13
Kane Lester,357-1068 Purus. Rd.,T5 4VU,Essex,TL67P01XV,2016-05-11,5
Flavia Collins,Ap #881-8770 Ante Av.,P78 5CJ,Angus,BZ81U53RT,1946-59-21,2
Karen Shaw,Ap #476-3490 Mus. St.,U3 4XA,Kincardineshire,FC88Q86CT,2018-27-04,24
Zoe Mcfarland,"Vincent Avila,P.O. Box 482, 7194 Pede, Avenue,NJ76 5OP,Montgomeryshire,EA18K44TC,2010-08-06,0",FR0B 7JM,Carmarthenshire,TC27F82PQ,2009-07-20,23
Hamish Lancaster,267-4828 Posuere Avenue,I65 3JZ,Dunbartonshire,FU71L19FM,1976-20-26,18
Dacey Charles,802-3586 Nec St.,P6 9BK,Kinross-shire,LU57U94OO,1991-31-03,9
Aquila Hickman,630-4091 Enim. Ave,YE8I 4NE,Buckinghamshire,YF28Z69LW,1950-00-05,21
Odette Dodson,Ap #601-9808 Est Road,R6O 1PX,Stirlingshire,XB68P38RW,1930-57-01,19
Selma Kirk,"Odette Dodson,Ap #601-9808 Est Road,R6O 1PX,Stirlingshire,XB68P38RW,1930-57-01,19",Y1 5XD,Sussex,TR51G71UR,1966-31-23,4
Tad Jefferson,644-9324 Nam St.,QM2V 8WY,Warwickshire,JX86C38DW,1959-17-19,16
Bruce Mercer,621-2571 Varius St.,K5 7HI,Morayshire,TB92G78JR,1973-37-05,4
Melinda Davis,9801 Venenatis Road,S42 2OM,Oxfordshire,NS13S76QF,2012-28-19,14
Bruno Stephenson,"Odette Dodson,Ap #601-9808 Est Road,R6O 1PX,Stirlingshire,XB68P38RW,1930-57-01,19",HE7U 8TC,Nottinghamshire,GJ47E47KP,1951-44-01,24
Yvonne Howard,834-9443 Et Av.,Z1A 9CI,Flintshire,HK25H82FG,1990-00-25,11
Carlos Maynard,913-7204 Lacus. Avenue,D21 3ZD,Perthshire,XR46I78UO,1944-42-10,20
Ulysses Schneider,"Odette Dodson,Ap #601-9808 Est Road,R6O 1PX,Stirlingshire,XB68P38RW,1930-57-01,19",D6 6UC,Northamptonshire,XX18M41ZW,1932-54-13,7
Oprah Anthony,357-5959 Sagittis Road,MR6I 5AR,East Lothian,HJ11K19WQ,1982-42-21,9
Giselle Buchanan,206-968 Vitae Ave,OO0 6ID,Banffshire,FW11C22MU,1985-40-12,21
Nomlanga Noel,"Odette Dodson,Ap #601-9808 Est Road,R6O 1PX,Stirlingshire,XB68P38RW,1930-57-01,19",LA8 2LL,Staffordshire,SD05E27TM,1959-27-05,6
Shea Suarez,Ap #848-5578 Semper St.,Q0X 9MW,Roxburghshire,AE36C32CY,1956-42-17,25
Malik Oliver,Ap #461-4280 Lobortis Avenue,TK8B 0ZZ,Pembrokeshire,JV53X54RA,1917-13-24,15
Fay Wong,155-6162 Integer Rd.,K5 5CX,Hertfordshire,VX88I84BB,2014-45-08,3
Diana Keller,570-515 Arcu. Rd.,KK59 4VN,Dorset,BD78I73DS,1984-23-01,18
Cecilia O'Neill,"Odette Dodson,Ap #601-9808 Est Road,R6O 1PX,Stirlingshire,XB68P38RW,1930-57-01,19",U47 4AC,Kincardineshire,HY41K67BY,1981-24-03,14
Aretha Harrell,"Odette Dodson,Ap #601-9808 Est Road,R6O 1PX,Stirlingshire,XB68P38RW,1930-57-01,19",E57 4EH,Midlothian,OF25V54PW,1973-27-25,21
Zia Ward,"Odette Dodson,Ap #601-9808 Est Road,R6O 1PX,Stirlingshire,XB68P38RW,1930-57-01,19",B3G 9QR,Selkirkshire,VN27T12DD,1988-53-21,24
Oscar Hardin,Ap #487-5745 Sit St.,L1 1JP,Berwickshire,IQ56X82LE,1945-27-16,8
Grace Benton,210-1336 Rutrum St.,D66 4JL,Montgomeryshire,JF44C30VJ,1978-16-23,11
Kato Schultz,"Odette Dodson,Ap #601-9808 Est Road,R6O 1PX,Stirlingshire,XB68P38RW,1930-57-01,19",A4I 5YJ,Carmarthenshire,CG81Y14HI,2012-28-27,15
Orson Mendez,Ap #264-3697 Sollicitudin Road,P24 2FP,Kirkcudbrightshire,AV37Z50BW,1929-39-30,22
Zenia Aguirre,548-2465 In Avenue,J69 7QO,Somerset,UT34N33LK,1980-14-01,18
Jade Saunders,Ap #416-6927 Nulla Avenue,MN5M 0XI,Kincardineshire,RQ30N14HL,1933-52-12,4
Neve Lynch,5818 Cras St.,U2 4PC,Herefordshire,HK13T26WH,1917-07-19,19
Lana Powers,641 Suscipit Road,P7 3UV,Buckinghamshire,XQ19C45GJ,2001-27-03,9
Stephanie Tyler,4133 Hymenaeos. Ave,KH3G 9VL,Leicestershire,MF11I35DT,1978-03-02,4
Reece Johns,"Odette Dodson,Ap #601-9808 Est Road,R6O 1PX,Stirlingshire,XB68P38RW,1930-57-01,19",MN3 4JV,Nottinghamshire,UL27J37IL,2010-52-22,22
Maryam Galloway,861-4138 Lorem Av.,IL57 6FI,Selkirkshire,PG67Y29JL,1960-04-13,16
Benjamin Frost,288-5030 Odio. Av.,M8 5BH,Flintshire,LM52D51HU,1914-34-15,6
Priscilla Marsh,5619 Consequat Ave,TS1 6QJ,Angus,BU34A12MB,2010-40-29,7
Angelica Holt,"Odette Dodson,Ap #601-9808 Est Road,R6O 1PX,Stirlingshire,XB68P38RW,1930-57-01,19",G58 9AV,Sutherland,BB27H06JP,1993-24-11,12
Miriam Ortiz,Ap #671-4633 Lobortis Road,Y85 8UB,Suffolk,RE78T02NO,1994-14-17,14
Palmer Horton,Ap #876-3633 Libero St.,DK1D 0NZ,Derbyshire,YT84U83GW,1933-19-03,0
Quyn Allison,3963 Aliquam Street,R81 1EM,Buckinghamshire,YI44N07SN,1947-40-14,19
Orlando Hendrix,"Odette Dodson,Ap #601-9808 Est Road,R6O 1PX,Stirlingshire,XB68P38RW,1930-57-01,19",UR22 2UT,Midlothian,CN81I21PB,2008-56-24,19
Vincent Franks,232-2461 Integer Avenue,J63 5QT,Cambridgeshire,AK23N61OR,1917-54-28,12
Uriel Spears,"Odette Dodson,Ap #601-9808 Est Road,R6O 1PX,Stirlingshire,XB68P38RW,1930-57-01,19",IL4 0VY,Staffordshire,KO88R27VY,1928-30-18,25
Kasimir Turner,Ap #381-2648 Proin Av.,PK2 4YO,Northamptonshire,GV85C73HQ,1964-12-04,0
Uma Cleveland,224-4306 Magna. St.,R7 4MF,Roxburghshire,PB09T02CI,2003-26-04,8
Conan Hopkins,"Odette Dodson,Ap #601-9808 Est Road,R6O 1PX,Stirlingshire,XB68P38RW,1930-57-01,19",H1W 2BI,Stirlingshire,JE24I77JN,1935-10-25,21
John Briggs,"Odette Dodson,Ap #601-9808 Est Road,R6O 1PX,Stirlingshire,XB68P38RW,1930-57-01,19",B4 3GD,Clackmannanshire,YP53X87FP,2012-28-14,12
Eve Kramer,Ap #135-8985 Arcu Road,E54 6HV,Wigtownshire,DS52I69XC,1958-16-09,25
Karly William,Ap #150-6701 Mollis Ave,CA69 1JO,Morayshire,CO64T29NQ,1937-38-19,18
Nicholas Snyder,Ap #671-7905 Maecenas Street,MJ6 3BM,Northamptonshire,EQ48H42FA,1987-17-21,1
Keaton Norris,335-1231 Nisi Road,Y3 7VP,Kent,TG80K31SY,1973-33-27,4
Illana Walsh,780-2436 Donec Ave,SW4 6PI,Gloucestershire,MH85Y54YO,1994-58-01,6
Cherokee Haney,"Odette Dodson,Ap #601-9808 Est Road,R6O 1PX,Stirlingshire,XB68P38RW,1930-57-01,19",CO36 6RD,Dorset,WP12X92LO,1968-37-23,6
